<?xml version="1.0" encoding="UTF-8"?>
<project-private xmlns="http://www.netbeans.org/ns/project-private/1">
    <editor-bookmarks xmlns="http://www.netbeans.org/ns/editor-bookmarks/2" lastBookmarkId="0"/>
    <open-files xmlns="http://www.netbeans.org/ns/projectui-open-files/2">
        <group>
            <file>file:/C:/Users/DELL/Downloads/MentalMind-20240106T100642Z-001-20240116T141350Z-001/MentalMind-20240106T100642Z-001/MentalMind/src/LupaPassword.java</file>
            <file>file:/C:/Users/DELL/Downloads/MentalMind-20240106T100642Z-001-20240116T141350Z-001/MentalMind-20240106T100642Z-001/MentalMind/src/diagnosis.java</file>
            <file>file:/C:/Users/DELL/Downloads/MentalMind-20240106T100642Z-001-20240116T141350Z-001/MentalMind-20240106T100642Z-001/MentalMind/src/Login.java</file>
        </group>
    </open-files>
</project-private>
